科目名,日時,担当教員,単位数
微分法の基礎と応用,水4,秋野　喜彦,2
微分法の基礎と応用,水5,秋野　喜彦,2
線形代数の基礎,月5,孝橋　照生,2
線形代数の基礎,月1,善甫　康成,2
統計学1,月3,小西　克巳,2
抽象代数学,木3,一色　寿幸,2
複素関数論2,月1,庄司　高太,2
電気と磁気,金2,秋野　喜彦,2
交流回路と電磁波：周波数・過渡応答、ベクトル解析,金1,秋野　喜彦,2
現代物理入門,木4,岡本　政邦,2
数理実験,火3,小池　崇文,2
数理実験,火3,伊藤　克亘,2
数学演習1,月4,田村　祐介,1
数学演習1,月4,後藤　直彦,1
英語表現１,水1,花﨑　美紀,1
英語表現１,水1,ALAN D MORGAN,1
英語表現１,水1,MICHAEL MCDONALD,1
英語表現１,水1,CHRISTOPHER　MASCHIO,1
英語表現１,水2,ALAN D MORGAN,1
英語表現１,水2,CHRISTOPHER　MASCHIO,1
英語表現１,水2,花﨑　美紀,1
英語表現１,水2,MICHAEL MCDONALD,1
英語理解１,木1,MICHAEL MCDONALD,1
英語理解１,木4,レオーネVジェームス,1
英語理解１,木1,藤野　輝雄,1
英語理解１,木1,ALLEN LINDSKOOG,1
英語理解１,木5,レオーネVジェームス,1
英語理解１,木2,MICHAEL MCDONALD,1
英語理解１,木2,ALLEN LINDSKOOG,1
英語理解１,木2,藤野　輝雄,1
科学英語１,水3,ALAN D MORGAN,1
科学英語１,火3,上田　秀樹,1
科学英語１,火3,TERENCE　COONEY,1
科学英語１,火4,TERENCE　COONEY,1
科学英語１,水4,ALAN D MORGAN,1
科学英語１,火4,上田　秀樹,1
リーディング＆ライティング,水3,CHRISTOPHER　MASCHIO,1
リーディング＆ライティング,火4,レオーネVジェームス,1
リーディング＆ライティング,水3,行名　一夫,1
リーディング＆ライティング,火3,レオーネVジェームス,1
リーディング＆ライティング,水4,行名　一夫,1
リーディング＆ライティング,水4,CHRISTOPHER　MASCHIO,1
テクニカルライティング２,火1,藤野　輝雄,1
テクニカルライティング２,火1,上田　秀樹,1
テクニカルライティング２,火1,花﨑　美紀,1
テクニカルライティング２,火2,花﨑　美紀,1
テクニカルライティング２,火2,藤野　輝雄,1
テクニカルライティング２,火2,上田　秀樹,1
法と社会,木2,浅野　毅彦,2
社会と科学,木3,内村　直之,2
心理学,火2,伏田　幸平,2
CGデザイン,水3,永井　由美子,2
情報社会と情報倫理,土2,中島　円,2
情報と法,火2,宮内　宏,2
技術者倫理,土2,千田　恭子,2
スポーツ総合1,土1,浅井　玲子,2
スポーツ総合2,土2,白土　男女幸,2
情報科学入門,火2,日高　宗一郎,2
情報科学入門,金4,坂本　寛,2
コンピュータシステム入門1,金2,佐々木　晃,2
コンピュータシステム入門1,木1,坂本　寛,2
離散構造1,金1,尾花　賢,2
離散構造1,水1,若原　徹,2
離散構造演習1,月3,尾花　賢,1
離散構造演習1,月2,李　亜民,1
離散構造演習1,月2,黄　潤和,1
プログラミング入門,月1,波多野　大督,4
プログラミング入門,月1,久東　義典,4
プログラミング入門,水3,赤石　美奈,4
プログラミング入門,水3,五月女　健治,4
データ構造とアルゴリズム,月4,首藤　裕一,2
データ構造とアルゴリズム,木2,坂本　寛,2
データ構造とアルゴリズム演習,月1,日高　宗一郎,1
データ構造とアルゴリズム演習,月1,黄　潤和,1
データ構造とアルゴリズム演習,月3,小池　崇文,1
データ構造とアルゴリズム演習,月3,李　亜民,1
アルゴリズムの設計と解析,木2,黄　潤和,2
プログラミング入門,他,赤石　美奈,2
プログラミング2(C/C++),木4,廣津　登志夫,4
プログラミング2(C/C++),木4,相島　健助,4
形式言語とオートマトン,金2,日高　宗一郎,2
形式言語とオートマトン,月2,藤田　悟,2
コンピュータ構成と設計入門,月5,八巻　隼人,2
コンパイラ,火2,佐々木　晃,2
プログラミング演習2(C/C++),月2,若原　徹,2
線形代数の応用2,水2,岩沢　美佐子,2
線形代数の応用2,水2,善甫　康成,2
情報基礎学B,金1,雪田　修一,2
情報理論,木1,尾花　賢,2
プログラム設計,木3,栗田　太郎,2
ソフトウェア工学,木4,栗田　太郎,2
情報・ネットワークセキュリティ入門,金5,上田　浩,2
ヒューマンコンピュータインタラクション,月5,細部　博史,2
プログラミング4(Java),木3,馬　建華,4
ユビキタスコンピューティング,火4,馬　建華,2
CGのための幾何学,金1,小池　崇文,2
プログラミング演習2(python),月5,伊藤　克亘,2
微積分法の応用：フーリエ級数と変換,木5,秋野　喜彦,2
力学の応用,月2,善甫　康成,2
ディジタル信号処理,月4,小池　崇文,2
プログラミング演習3(MATLAB),火5,花泉　弘,2
数学演習2,月4,花泉　弘,1
プログラミング2(C/C++),他,廣津　登志夫,2
プロジェクト,金3,相島　健助,2
プロジェクト,金3,赤石　美奈,2
プロジェクト,金3,尾花　賢,2
プロジェクト,金3,佐々木　晃,2
プロジェクト,金3,首藤　裕一,2
プロジェクト,金3,日高　宗一郎,2
プロジェクト,金3,廣津　登志夫,2
プロジェクト,金3,黄　潤和,2
プロジェクト,金3,李　亜民,2
プロジェクト,金3,伊藤　克亘,2
プロジェクト,金3,小池　崇文,2
プロジェクト,金3,小西　克巳,2
プロジェクト,金3,善甫　康成,2
プロジェクト,金3,花泉　弘,2
プロジェクト,金3,藤田　悟,2
プロジェクト,金3,細部　博史,2
プロジェクト,金3,馬　建華,2
プロジェクト,金3,雪田　修一,2
プロジェクト,金3,若原　徹,2
情報科学特講,他,相島　健助,6
情報科学特講,他,赤石　美奈,6
情報科学特講,他,尾花　賢,6
情報科学特講,他,佐々木　晃,6
情報科学特講,他,首藤　裕一,6
情報科学特講,他,日高　宗一郎,6
情報科学特講,他,廣津　登志夫,6
情報科学特講,他,黄　潤和,6
情報科学特講,他,李　亜民,6
情報科学特講,他,伊藤　克亘,6
情報科学特講,他,小池　崇文,6
情報科学特講,他,小西　克巳,6
情報科学特講,他,善甫　康成,6
情報科学特講,他,花泉　弘,6
情報科学特講,他,藤田　悟,6
情報科学特講,他,細部　博史,6
情報科学特講,他,馬　建華,6
情報科学特講,他,雪田　修一,6
情報科学特講,他,若原　徹,6
